name;sex;Birthday;Country;age;today;dd
4 Ever Coon A Nice Surprice;F;21.04.2007;DK/DK;16;01.01.2023;
A Black Angel de Khat A Strof;F;;FR/FR;123;01.01.2023;
A Cappella Bystra;F;;PL/PL;123;01.01.2023;
A Carmen of Daabeckcoon;F;30.06.2022;DK/NL;1;01.01.2023;
A Catorama Reddy;F;29.05.2007;US/-;16;01.01.2023;
A Davina Annie;F;12.10.2006;AT/AT;16;01.01.2023;
A Davina Enjoy;F;05.05.2009;AT/AT;14;01.01.2023;
A Davina High Society;F;19.11.2010;AT/AT;12;01.01.2023;
A Davina It's All About Me;F;01.01.2011;AT/DE;12;01.01.2023;
A Davina Itsy Bitsy;F;01.01.2011;AT/AT;12;01.01.2023;
A Famous Angie Cat;F;;AT/AT;123;01.01.2023;
A Famous Funny Cindy;F;;IT/IT;123;01.01.2023;
A Famous Lilly-Darling;F;;-/IT;123;01.01.2023;
A Famous Sheila E De Luco ad Montem;F;20.04.1989;-/AT;34;01.01.2023;
A Favorite Cat Daisy Duck;F;29.07.1993;AT/AT;29;01.01.2023;
A Favorite Cat Eliza Doolittle;F;;AT/-;123;01.01.2023;
A Favorite Cat Gingin;F;17.07.1996;-/-;26;01.01.2023;
A Favorite Cat Goldie Ann;F;;AT/-;123;01.01.2023;
A Favorite Cat Grizzabella;F;17.07.1996;AT/AT;26;01.01.2023;
A Favorite Cat Hot Indian Summer;F;22.01.1998;AT/AT;25;01.01.2023;
A Favorite Cat Sheila E.;F;;AT/AT;123;01.01.2023;
A Favorite Cat Sheila E.;F;;AT/AT;123;01.01.2023;
A Highlander Coon Anastasia;F;24.04.2007;AT/-;16;01.01.2023;
A Highlander Coon Dancing Queen;F;;AT/AT;123;01.01.2023;
A Highlander Coon Leonie;F;07.04.2010;AT/AT;13;01.01.2023;
A Highlander Coon Santana;F;08.02.2012;AT/AT;11;01.01.2023;
A Highlander Coon Unut;F;17.04.2012;AT/AT;11;01.01.2023;
A Highlander Coon Venezia;F;20.04.2012;AT/AT;11;01.01.2023;
A Highlander Coon Winterflower;F;20.04.2012;AT/AT;11;01.01.2023;
A Irunzabal des Rois d'Antan;F;07.07.2005;FR/FR;17;01.01.2023;
A little Diamond of Gideons Ghostrider;F;;DE/DE;123;01.01.2023;
A Lorelei of Windsor Castle;F;;FR/FR;123;01.01.2023;
A Lucky Charm Gyldenl?ve;F;17.10.2007;DK/DK;15;01.01.2023;
A Lucy The Guardian;F;10.12.2016;IT/FR;6;01.01.2023;
A Million Dollar Charlet;F;16.08.2009;NL/NL;13;01.01.2023;
A New Flame Free;F;14.10.2008;NL/NL;14;01.01.2023;
A Nice Moon Alula;F;16.06.2006;NL/NL;17;01.01.2023;
A Nice Moon Ankaa;F;10.04.2010;NL/NL;13;01.01.2023;
A Nice Moon Cephe?de;F;25.03.2005;NL/-;18;01.01.2023;
A Nice Moon Charming Aurora;F;31.08.2004;NL/NL;18;01.01.2023;
A Nice Moon Maia;F;10.04.2010;NL/NL;13;01.01.2023;
A Nice Moon Meissa;F;25.03.2005;NL/NL;18;01.01.2023;
A Nice Moon Mira;F;25.03.2005;NL/NL;18;01.01.2023;
A Nice Moon Mirimiri;F;13.03.2008;NL/NL;15;01.01.2023;
A Nice Moon Nunki;F;05.02.2007;NL/NL;16;01.01.2023;
A Nice Moon Rana;F;10.04.2010;NL/NL;13;01.01.2023;
A Nice Moon Sedna;F;28.03.2005;NL/NL;18;01.01.2023;
A Nice Moon Sitara;F;06.03.2008;NL/NL;15;01.01.2023;
A Nice Moon Tania;F;16.06.2006;NL/NL;17;01.01.2023;
A Nice Moon Tuputuputu;F;13.03.2008;NL/NL;15;01.01.2023;
A Nice Moon Vesta;F;28.03.2005;NL/NL;18;01.01.2023;
A Nice Surprice Gyldenl?ve;F;17.10.2007;DK/DK;15;01.01.2023;
A Nome Di Que Sera;F;17.10.2004;NL/NL;18;01.01.2023;
A Red Pleasure of Shaggy Coons;F;;LU/PL;123;01.01.2023;
A Silverbell of El Dorado;F;06.04.1994;AT/-;29;01.01.2023;
A Small Miracle Gyldenl?ve;F;17.10.2007;DK/DK;15;01.01.2023;
A Star is Born Faith Attraction;F;;NL/-;123;01.01.2023;
A Star is Born Itchy Bitsy;F;16.02.2005;NL/NL;18;01.01.2023;
A Star is Born Poison Ivy;F;16.02.2005;NL/NL;18;01.01.2023;
A Star is Born Snowcoon Zurine;F;26.07.2007;NL/NL;15;01.01.2023;
A Star is Born Sunshine Ginny;F;28.11.2003;NL/-;19;01.01.2023;
A Star is Born vom Pittental;F;;AT/CZ;123;01.01.2023;
A*Ulybka Vesny;F;01.09.2009;RU/RU;13;01.01.2023;
ABCcats Hemene A Cheyenne Maiden;F;;US/-;123;01.01.2023;
Abenaki's Once in A Blue Moon;F;22.10.2018;FR/FR;4;01.01.2023;
Abenzio's 2 B Proud;F;30.07.2013;NL/NL;9;01.01.2023;
Abenzio's Claim 2 B Fame;F;30.07.2013;NL/NL;9;01.01.2023;
Abenzio's Don't Worry B Happy;F;03.09.2016;NL/NL;6;01.01.2023;
A-Cheyenne vom Nenana-Paradies;F;;DE/DE;123;01.01.2023;
Acoonitum's Once Upon A Time;F;29.12.2017;SE/SE;5;01.01.2023;
Actarus B Lily;F;29.11.2006;FR/-;16;01.01.2023;
Action Cat's A Aphrodite;F;26.07.2003;AT/AT;19;01.01.2023;
Action Cat's A Atlanta;F;17.07.2010;AT/AT;12;01.01.2023;
Action Cat's A Black Pearl;F;27.08.2010;AT/AT;12;01.01.2023;
Action Cat's A Blue Angel;F;12.12.2018;AT/AT;4;01.01.2023;
Action Cat's A Blue Diamond;F;27.08.2010;AT/AT;12;01.01.2023;
Action Cat's A Blue Energy;F;27.08.2010;AT/AT;12;01.01.2023;
Action Cat's A Butterfly;F;12.12.2018;AT/AT;4;01.01.2023;
Action Cat's A Caprice;F;04.01.2011;AT/DE;12;01.01.2023;
Action Cat's A Carmen;F;29.12.2003;AT/AT;19;01.01.2023;
Action Cat's A Crazy Schlumpfine;F;05.03.2019;AT/AT;4;01.01.2023;
Action Cat's A Dark Angel;F;03.10.2004;AT/AT;18;01.01.2023;
Action Cat's A Diva;F;03.10.2004;AT/AT;18;01.01.2023;
Action Cat's A El-Luna;F;02.05.2011;AT/AT;12;01.01.2023;
Action Cat's A Fantasy;F;11.10.2004;AT/AT;18;01.01.2023;
Action Cat's A G'White Orchidee;F;18.07.2011;AT/-;11;01.01.2023;
Action Cat's A I Am Josephine;F;23.07.2005;AT/AT;17;01.01.2023;
Action Cat's A Ibiza;F;25.05.2012;AT/AT;11;01.01.2023;
Action Cat's A Imperia;F;11.05.2020;AT/-;3;01.01.2023;
Action Cat's A Isis;F;25.05.2012;AT/AT;11;01.01.2023;
Action Cat's A Ivy Metal;F;11.05.2020;AT/-;3;01.01.2023;
Action Cat's A Jaana;F;21.12.2012;AT/AT;10;01.01.2023;
Action Cat's A Jamaica Sun;F;21.12.2012;AT/AT;10;01.01.2023;
Action Cat's A Jelsy Lee;F;29.01.2006;AT/AT;17;01.01.2023;
Action Cat's A Just Love;F;21.12.2012;AT/AT;10;01.01.2023;
Action Cat's A Juwel Heart;F;26.05.2020;AT/-;3;01.01.2023;
Action Cat's A Kiss of Illusion;F;12.03.2006;AT/AT;17;01.01.2023;
Action Cat's A Moonlight Lady;F;11.01.2007;AT/AT;16;01.01.2023;
Action Cat's A Noelle;F;05.01.2014;AT/AT;9;01.01.2023;
Action Cat's A Olilly;F;26.08.2007;AT/AT;15;01.01.2023;
Action Cat's A Orchidee;F;26.08.2007;AT/AT;15;01.01.2023;
Action Cat's A Osiris;F;26.08.2007;AT/AT;15;01.01.2023;
Action Cat's A Our Batgirl Isabel;F;25.06.2014;AT/AT;9;01.01.2023;
Action Cat's A Our Black Jewel;F;25.06.2014;AT/AT;9;01.01.2023;
Action Cat's A Our Magic Girl;F;25.06.2014;AT/AT;9;01.01.2023;
Action Cat's A Our Sweet Heart;F;25.06.2014;AT/AT;9;01.01.2023;
Action Cat's A Pandora Blue;F;25.07.2014;AT/AT;8;01.01.2023;
Action Cat's A Pretty Woman;F;29.11.2007;AT/AT;15;01.01.2023;
Action Cat's A Princess Phantasia;F;29.11.2007;AT/AT;15;01.01.2023;
Action Cat's A Rohana;F;26.08.2008;AT/DE;14;01.01.2023;
Action Cat's A Ronja;F;16.09.2015;AT/AT;7;01.01.2023;
Action Cat's A Rose of Love;F;16.09.2015;AT/AT;7;01.01.2023;
Action Cat's A Venus;F;11.07.2009;AT/AT;13;01.01.2023;
Action Cat's A Virginia;F;03.07.2016;AT/AT;7;01.01.2023;
Action Cat's A Viva Venezia;F;03.07.2016;AT/AT;7;01.01.2023;
Action Cat's A Wonderful Fortuna;F;14.06.2017;AT/AT;6;01.01.2023;
Action Cat's A Xenia;F;23.12.2009;AT/AT;13;01.01.2023;
Action Cat's A Xtrem White Diamond;F;21.10.2017;AT/AT;5;01.01.2023;
Action Cat's A Zestful Arthemis;F;14.02.2018;AT/AT;5;01.01.2023;
Adioilo A Dora Bella;F;;GB/GB;123;01.01.2023;
Advent Hill Justin B. Morgan of Beauport;F;09.05.1991;-/-;32;01.01.2023;
Aestheticoons' Be-Bop-a-Lula;F;12.07.2014;CH/-;8;01.01.2023;
Agata F&A of Fridericks House;F;27.02.2012;RU/RU;11;01.01.2023;
Ageria's A Rose in Heart;F;13.10.2019;NO/NO;3;01.01.2023;
Aislinn's I'm a Clich?;F;17.11.2011;NL/-;11;01.01.2023;
A-Kaz;F;09.02.1994;-/-;29;01.01.2023;
A-Kessy vom Nenana-Paradies;F;13.11.2005;DE/DE;17;01.01.2023;
A-Laung-Paya Moana2;F;29.08.1994;NL/NL;28;01.01.2023;
Albus Victoria A*Tiffani;F;;UA/UA;123;01.01.2023;
Alexia of Bobby Jack's B&B;F;;NL/BE;123;01.01.2023;
Alhamdulillah Irung E Abang;F;02.04.2021;-/GB;2;01.01.2023;
Aline A Wizard Coon;F;12.04.2003;AT/-;20;01.01.2023;
Almaz's Legacy D Catja;F;16.11.2021;SE/SE;1;01.01.2023;
Aloa's Fairy B. White;F;20.11.2003;DK/-;19;01.01.2023;
Alpha Cats Give me a Kiss;F;12.07.2017;DE/DE;5;01.01.2023;
A-Mandy of Flaming Moon;F;17.11.2008;DE/DE;14;01.01.2023;
Amazing Emily E.;F;20.09.1992;-/-;30;01.01.2023;
Amelie A La Cat;F;;AT/AT;123;01.01.2023;
Amely Berry a La Cher;F;;-/-;123;01.01.2023;
Amerrykoon Vanna A White Girl;F;16.01.2011;US/US;12;01.01.2023;
A-Monja of Brotherhood;F;27.11.2015;DE/-;7;01.01.2023;
Amy Lou A Gentle Breeze;F;13.04.2004;DE/-;19;01.01.2023;
A-Neele vom R?mertal;F;07.11.2005;DE/DE;17;01.01.2023;
Angels Afoot Miss Wool E. Bear;F;12.07.1994;-/-;28;01.01.2023;
Anghik M&M B*Sade-Aino;F;24.12.2021;RU/-;1;01.01.2023;
Angtini Molly B;F;;US/IT;123;01.01.2023;
AnnaCoonda's Bright like a Diamond;F;12.10.2022;SE/-;0;01.01.2023;
Anne Dott Sparkling like a Fire;F;14.06.2007;SE/SE;16;01.01.2023;
A-Noa Strong King;F;12.12.2020;PL/NL;2;01.01.2023;
Anyana A Piece of Luck;F;04.01.1995;DE/-;28;01.01.2023;
A-One Angel Savage;F;06.03.2020;RU/-;3;01.01.2023;
Arctic B-Brandy;F;;NO/NO;123;01.01.2023;
Aricha F&A of Fridericks House;F;;RU/RU;123;01.01.2023;
Arkancoons Is A Belle;F;15.01.2021;US/US;2;01.01.2023;
A-Shakira vom R?mertal;F;07.11.2005;DE/DE;17;01.01.2023;
Ashley A Star Coon;F;13.01.2006;AT/AT;17;01.01.2023;
Assisi Gabzi a Vinet;F;04.03.2017;CZ/CZ;6;01.01.2023;
Astrid Berry a La Cher;F;01.01.2009;-/-;14;01.01.2023;
A-Sweet Apachi von der Sandklinge;F;25.11.2009;DE/DE;13;01.01.2023;
A-Ta-Jea de Las Ayas;F;12.05.2005;FR/FR;18;01.01.2023;
Athabaske It's A Girl;F;04.03.2003;AT/SE;20;01.01.2023;
Atlantas A Kind of Magic;F;28.04.1995;SE/SE;28;01.01.2023;
AtlanticAcadia Shine A Light;F;08.08.2016;DE/DE;6;01.01.2023;
Averill Shes a Brick House;F;04.12.2013;US/US;9;01.01.2023;
Baccaracoon E*Angel;F;;CZ/PL;123;01.01.2023;
Barbara Princess A Lynx Star;F;07.10.2010;CZ/CZ;12;01.01.2023;
Baronne de Khat A Strof;F;27.07.2006;FR/FR;16;01.01.2023;
Baslatan Wish Upon A Star;F;12.07.1994;NL/FI;28;01.01.2023;
Battle Creek's A Baphomet;F;19.02.2008;DE/DE;15;01.01.2023;
Baywatch Phoebe B. of Telecoons;F;29.06.2002;US/US;21;01.01.2023;
Bearcloud Peek a Boo;F;01.03.2009;DK/DK;14;01.01.2023;
Beatrice A Lynx Star;F;12.12.2018;CZ/CZ;4;01.01.2023;
Beaverscove Josefine B;F;18.07.2007;DE/GB;15;01.01.2023;
Be-Bop-A-Lula of Crossroad;F;30.01.2019;DE/DE;4;01.01.2023;
Bedazzled A' Flaming Star;F;;NL/-;123;01.01.2023;
Belesprit's E-Santana;F;20.11.2011;DE/DE;11;01.01.2023;
Belize of Bobby Jack's B&B;F;;NL/NL;123;01.01.2023;
Belmainshacoon Emily B.;F;19.07.1995;-/-;27;01.01.2023;
Belmainshacoon Kaytee B;F;;US/US;123;01.01.2023;
Betulla Di Freya Gioele Sale e Pepe;F;09.08.2021;IT/IT;1;01.01.2023;
Betulla Di Freya Giustina Fuoco e Fiamme;F;09.08.2021;IT/IT;1;01.01.2023;
Bisou de Khat A Strof;F;27.07.2006;FR/-;16;01.01.2023;
B-La Belleza of El Dorado;F;06.06.2012;AT/AT;11;01.01.2023;
Black is Black Bebop A Lula;F;23.04.2016;IT/IT;7;01.01.2023;
BlackFog B My Sunshine;F;11.05.2013;DE/DE;10;01.01.2023;
Blanket's A-Blackcurrant Jelly;F;04.09.2015;DE/DE;7;01.01.2023;
Blanket's D-Hannelore;F;28.11.2016;DE/DE;6;01.01.2023;
Blue by You is a Showaholic;F;11.05.2011;DE/DE;12;01.01.2023;
B-Mina la Aurora;F;30.04.2023;ES/ES;0;01.01.2023;
Bonbon de Khat A Strof;F;27.07.2006;FR/-;16;01.01.2023;
Bonita of Bobby Jack's B&B;F;;NL/-;123;01.01.2023;
Bounding Maines A Rose in Winter;F;15.05.2014;US/US;9;01.01.2023;
Break a Legg Angel;F;18.11.2005;NL/NL;17;01.01.2023;
Brushykreek Wish Upon A Star;F;20.04.2023;US/US;0;01.01.2023;
Bryrhaven Suzn B Antny of Coonsboro;F;01.02.1994;US/US;29;01.01.2023;
B-Santana the Coon Oasis;F;30.01.2003;AT/DE;20;01.01.2023;
B-Wahleeah van Tschens;F;28.06.2016;DE/DE;7;01.01.2023;
Cairpre Ain' A Freya Nuthin';F;23.05.1992;-/-;31;01.01.2023;
Cairpre I Need A Miracle;F;23.05.1992;-/-;31;01.01.2023;
Callicoon Aurora B;F;;ZA/ZA;123;01.01.2023;
Cancoon Gimme A Break;F;07.07.2000;US/-;23;01.01.2023;
Cardigans Kat von D;F;03.02.2013;BR/BR;10;01.01.2023;
Catcity C. B. Boobaby;F;;-/-;123;01.01.2023;
CaterCats Ulla Kock am B.;F;04.07.2018;DE/DE;4;01.01.2023;
Catroad Kat von D;F;25.10.2011;PL/PL;11;01.01.2023;
Chenza Sydney B;F;27.12.2004;CA/CA;18;01.01.2023;
Collari-Star E-Mishel;F;;RU/RU;123;01.01.2023;
Company B Blues of Gleadom;F;13.02.1989;US/US;34;01.01.2023;
Company B Skippurr Isamaine Coon;F;29.10.1987;-/-;35;01.01.2023;
Company B Zsa Zsa of Theatricats;F;07.07.1991;-/-;32;01.01.2023;
Coogan's Rachel B.;F;15.04.2015;DK/-;8;01.01.2023;
Coonattack B-Lana Belfast P/P;F;08.06.2018;DE/DE;5;01.01.2023;
Coonattack E-M@il for You P/P;F;09.06.2019;DE/DE;4;01.01.2023;
Coonflakes B&M Catwalk Lady;F;05.08.2011;NL/NL;11;01.01.2023;
Coonini's Molly B;F;12.05.2021;NL/NL;2;01.01.2023;
Coontastic Clara B of Belmainshacoon;F;07.01.1994;US/US;29;01.01.2023;
Coontastic Molly B of Belmainshacoon;F;28.04.1993;US/US;30;01.01.2023;
Cremocrop Lucinda B of Tabbypatch;F;;US/-;123;01.01.2023;
D Boh?me des Shags of Saskatoon;F;18.05.2008;FR/-;15;01.01.2023;
D Ester of Daabeckcoon;F;31.05.2022;DK/DK;1;01.01.2023;
D Gipsy des Shags of Saskatoon;F;18.05.2008;FR/FR;15;01.01.2023;
D Jazz des Shags of Saskatoon;F;18.05.2008;FR/-;15;01.01.2023;
D Lisse Dina des Alizes Cocoon'in;F;26.10.2008;FR/-;14;01.01.2023;
D Orlane du Domaine de la Bouriane;F;17.10.2008;FR/-;14;01.01.2023;
D Tzigane des Shags of Saskatoon;F;18.05.2008;FR/-;15;01.01.2023;
D&Co Naeva;F;25.05.2023;NL/NL;0;01.01.2023;
D&P-Coons Bellina;F;05.08.2001;NL/NL;21;01.01.2023;
D&P-Coons D.Lois;F;28.04.1999;NL/NL;24;01.01.2023;
D&P-Coons Davina;F;05.08.2001;NL/GB;21;01.01.2023;
D&P-Coons Elena;F;29.08.2002;NL/CH;20;01.01.2023;
D&P-Coons Elora Danan;F;07.04.2001;NL/NL;22;01.01.2023;
D&P-Coons Eshana;F;15.03.2004;NL/-;19;01.01.2023;
D&P-Coons Gwen;F;05.09.2004;NL/-;18;01.01.2023;
D&P-Coons Sorsha;F;;NL/-;123;01.01.2023;
D&P-Coons Ziva;F;12.11.2009;NL/NL;13;01.01.2023;
D-Day d'Avel Mor;F;14.03.2006;CH/CH;17;01.01.2023;
De Boswachters Biloxi B;F;;NL/-;123;01.01.2023;
De Boswachters Liberty B;F;;NL/NL;123;01.01.2023;
De Boswachters Misty B;F;05.05.2004;NL/-;19;01.01.2023;
De Gritgravers Daisy D;F;18.03.2000;NL/-;23;01.01.2023;
De Gritgravers Dolly D;F;;NL/-;123;01.01.2023;
De Gritgravers Doortje D;F;;NL/NL;123;01.01.2023;
D-Emely von der Kleinen Hummelwiese;F;25.03.2005;DE/SE;18;01.01.2023;
D-Josephina Sherrys Talisman;F;06.02.2022;UA/DE;1;01.01.2023;
D-Magic Maine Arabella;F;14.06.1993;DE/DE;30;01.01.2023;
D-Magic Maine Arielle;F;14.06.1993;DE/DE;30;01.01.2023;
D-Meddy of Sunder Cat;F;12.12.2000;DE/DE;22;01.01.2023;
Dynamicats Double D;F;11.11.2014;NL/NL;8;01.01.2023;
E Bird de la Croix Lorraine;F;15.07.2009;FR/FR;13;01.01.2023;
E Fania des Littles Gargamel;F;29.05.2009;FR/-;14;01.01.2023;
E Leen de L'Oriflamme;F;07.09.2009;FR/FR;13;01.01.2023;
E Maha de Petite L?opoldine;F;06.08.2009;FR/-;13;01.01.2023;
E*Karina Ferra-dell;F;15.12.2021;UA/-;1;01.01.2023;
E*Matilda Nifertity;F;24.03.2010;RU/RU;13;01.01.2023;
E*Ryuyu Palmiracoon;F;02.06.2015;UA/UA;8;01.01.2023;
E*Yoko Palmiracoon;F;02.06.2015;UA/UA;8;01.01.2023;
East Avenue Kat von D.;F;23.02.2011;NL/NL;12;01.01.2023;
E-Bella Noblesse A Lynx Star;F;05.09.2022;CZ/CZ;0;01.01.2023;
E-Goodnight;F;12.06.1991;GB/GB;32;01.01.2023;
Elisabeth d. 1 Gyldenl?ve;F;15.05.2010;DK/-;13;01.01.2023;
Eliza D. of Southern Romance;F;10.07.1990;DE/DE;33;01.01.2023;
E-Mail of Wild Genesis;F;05.11.2010;DE/-;12;01.01.2023;
Escape's E-Sensual;F;06.03.2007;FI/SI;16;01.01.2023;
Euskadicoon-E Nevada;F;09.08.2004;ES/DK;18;01.01.2023;
Eva-Markiza D-Jennifer;F;03.10.2015;RU/RU;7;01.01.2023;
Fae D Jai de la Croix Lorriane;F;17.05.2010;FR/FR;13;01.01.2023;
Funny Footprint's Honey B.;F;09.09.2010;DE/DE;12;01.01.2023;
Gabbilu KTS D-Savanna;F;25.04.2022;BO/UY;1;01.01.2023;
G?rvikstassen B Akela;F;01.01.2018;SE/SE;5;01.01.2023;
G?rvikstassen B Angels;F;01.01.2018;SE/-;5;01.01.2023;
Gem E de la Vall?e de L'Ancre;F;01.09.2011;FR/FR;11;01.01.2023;
Gilvan D-Julia Roberts;F;13.05.2014;RU/RU;9;01.01.2023;
Glenncourt Lucrezia B.;F;;US/US;123;01.01.2023;
Glynnwold Gotta B Garnet of Acrith;F;21.05.1991;US/US;32;01.01.2023;
Gravelpondcoons B-Blanca Fleur;F;28.02.2012;DE/DE;11;01.01.2023;
Gueule D Amour P de Chantecoq;F;03.07.2011;FR/FR;12;01.01.2023;
Hairbearei Laurelin of Mary B;F;17.08.1988;US/US;34;01.01.2023;
Heidi Ho Lady Arwen of Mary B, DM;F;11.06.1981;US/US;42;01.01.2023;
Heidi Ho Molly B. of Tanstaafl;F;19.10.1979;US/US;43;01.01.2023;
Highlander Junie B Jones of Gaylton;F;;US/US;123;01.01.2023;
Honey Hill Kat von D Ink;F;01.11.2008;NO/SE;14;01.01.2023;
Hunkpapa's Marlene D.;F;13.01.2003;DE/DE;20;01.01.2023;
Iljoeska Cecilia B-Storm;F;10.11.2021;NL/NL;1;01.01.2023;
Ingrid B. Della Quercia;F;;IT/IT;123;01.01.2023;
Jacky D. of Blooming Meadow;F;08.11.1994;DE/DE;28;01.01.2023;
Jacqueline B. Hexe vom Hexenmoor;F;;DE/DE;123;01.01.2023;
Jamie D. Pocahontazz of Noah's Ark;F;01.01.2002;DE/DE;21;01.01.2023;
Jeuxcoons Fameux Miss E;F;04.02.2019;SE/SE;4;01.01.2023;
Jolis Lutins B. Madame Hanni;F;21.05.2023;DE/DE;0;01.01.2023;
Jolis Lutins B. Mademoiselle Nanni;F;21.05.2023;DE/DE;0;01.01.2023;
Joy van de (B)engeltjes;F;;-/-;123;01.01.2023;
Junari's Lady D. Danee;F;31.03.2023;DE/NL;0;01.01.2023;
Justcoons May B Baby;F;15.10.2015;DE/HU;7;01.01.2023;
Justcoons May B Lynn;F;01.03.2014;DE/DE;9;01.01.2023;
Kat von D of Dangerstone;F;03.10.2017;DE/DE;5;01.01.2023;
Katha's Village B-Gina;F;11.01.2013;DE/DE;10;01.01.2023;
Katmaindu Tab E Tha of Brat E Katz;F;11.02.1993;US/US;30;01.01.2023;
Katz Domaine M 8 E;F;04.07.1996;US/US;27;01.01.2023;
Kavekats Bella B;F;22.05.1995;US/US;28;01.01.2023;
King of Lion's B-Marta Hari;F;08.11.2006;DE/DE;16;01.01.2023;
King of Lion's B-Mona Lisa;F;08.11.2006;DE/NL;16;01.01.2023;
King of Lion's D-Amoura;F;07.06.2002;DE/DE;21;01.01.2023;
King of Lion's D-Destemona of the Guilty Clan;F;04.05.2003;DE/DE;20;01.01.2023;
King of Lion's D-Estell;F;;DE/DE;123;01.01.2023;
King of Lion's D-Kathy;F;;DE/DE;123;01.01.2023;
King of Lion's D-K-Bumble Bee;F;25.04.2001;DE/DE;22;01.01.2023;
King of Lion's D-Niagara;F;;DE/DE;123;01.01.2023;
King of Lion's D-Nightygaile of Cats Cradle;F;;DE/DE;123;01.01.2023;
King of Lion's D-Odessa of Battle Creek's;F;28.01.2002;DE/DE;21;01.01.2023;
King of Lion's E-Chiara;F;;DE/-;123;01.01.2023;
KinSayuri B. Ella Trix Lestrange;F;21.09.2020;DE/LU;2;01.01.2023;
Kiricoon E-Luna;F;;FR/FR;123;01.01.2023;
Lachtetals B-Cassiopaya;F;;DE/DE;123;01.01.2023;
Lachtetals B-Priscilla;F;;DE/DE;123;01.01.2023;
Lachtetals B-Toffifee;F;;DE/DE;123;01.01.2023;
Lachtetals B-Vanilla Sky;F;02.02.2006;DE/DE;17;01.01.2023;
Langstteich's D-Keetara;F;18.11.1996;DE/DE;26;01.01.2023;
Langstteich's F'Cortina D' Ampezzo;F;08.12.2015;DE/NO;7;01.01.2023;
Langstteich's Shalimar II of Brooklet Sea+D;F;10.06.1993;DE/DE;30;01.01.2023;
Las Arenas E Koiki;F;14.10.2017;ES/CZ;5;01.01.2023;
Le Beau Minu Preciouss of Mary B;F;15.10.1977;US/US;45;01.01.2023;
Leaena Tutto E Subito;F;01.04.2012;IT/IT;11;01.01.2023;
LeatherAndLace Sheila E;F;19.02.2016;NL/NL;7;01.01.2023;
Lindevoll's E-Liluye;F;07.05.2015;NO/-;8;01.01.2023;
Louhichi's E Voila-Je Suis La;F;04.01.2012;DE/DE;11;01.01.2023;
L'Vulga B&T of Fridericks House;F;;RU/RU;123;01.01.2023;
Lyb-E Acepella;F;01.05.1977;-/-;46;01.01.2023;
Lyb-E Christa's Acapella;F;01.05.1977;-/-;46;01.01.2023;
Lyb-E Christa's Brown Sugar;F;01.05.1977;-/-;46;01.01.2023;
Lyb-E Christa's Katy;F;16.07.1974;-/-;48;01.01.2023;
Lyb-E Harriet of Hanmor;F;03.04.1978;US/-;45;01.01.2023;
Lyb-E Katrinka II;F;04.06.1981;-/-;42;01.01.2023;
Lyb-E Miss Blue;F;02.09.1975;-/-;47;01.01.2023;
Lyb-E Natasha II;F;;-/-;123;01.01.2023;
Lyb-E Spice O'Live;F;01.05.1977;-/-;46;01.01.2023;
Lyb-E Suzy Q of Magnificoon;F;23.07.1973;-/-;49;01.01.2023;
Mafian King's E*Honda;F;;UA/RU;123;01.01.2023;
Mafian King's E*Savannah;F;;UA/UA;123;01.01.2023;
MagdeburgTigers Kat Van D;F;18.07.2011;DE/DE;11;01.01.2023;
Magical Tails B&J Joy to the Swirled;F;23.07.2020;NL/NL;2;01.01.2023;
Maineflashes Bonnie B. of Amerrykoon;F;05.04.1995;US/-;28;01.01.2023;
Mainewood E*High Water;F;23.03.2010;RU/RU;13;01.01.2023;
Mary B Ardzat of Hairbearei;F;20.10.1985;US/US;37;01.01.2023;
Mary B Babycakes;F;13.02.1990;US/US;33;01.01.2023;
Mary B Bonnie Blue of Charmalot;F;06.01.1983;-/-;40;01.01.2023;
Mary B Carson McCullers of Tomeran;F;;-/-;123;01.01.2023;
Mary B Celebrindal;F;;-/-;123;01.01.2023;
Mary B Elwing-The-White;F;14.02.1980;-/-;43;01.01.2023;
Mary B Galadriel;F;06.01.1983;-/-;40;01.01.2023;
Mary B Heathertoes;F;06.01.1983;US/US;40;01.01.2023;
Mary B Hopi Dancer;F;;US/US;123;01.01.2023;
Mary B Lady Azure of Marala;F;02.04.1985;US/US;38;01.01.2023;
Mary B Lady B Good of Cheeptrills;F;18.04.1987;-/-;36;01.01.2023;
Mary B Lady Evenstar;F;07.02.1988;-/-;35;01.01.2023;
Mary B Lady Shenendoah;F;01.11.1988;US/-;34;01.01.2023;
Mary B Lil Astrid of Cooneyisle;F;02.10.1989;-/-;33;01.01.2023;
Mary B Lillie Lightfoot;F;11.03.1979;US/-;44;01.01.2023;
Mary B Milo Olo;F;;US/US;123;01.01.2023;
Mary B Misha;F;20.03.1980;-/-;43;01.01.2023;
Mary B Miss Melilot of Tolkat;F;01.01.1988;-/-;35;01.01.2023;
Mary B Miss Vickie of Wiscasset;F;;-/-;123;01.01.2023;
Mary B Rose Gamgee of Talshipp;F;23.06.1990;US/US;33;01.01.2023;
Mary B Rosie Cotton;F;14.05.1980;-/-;43;01.01.2023;
Mary B Sahoni of Tansai;F;23.04.1985;US/-;38;01.01.2023;
Mary B Uno of Stardust;F;16.03.1982;-/-;41;01.01.2023;
Mary B Winter Snow of Boothbay;F;06.01.1983;US/US;40;01.01.2023;
Mary B Zarzamora of Emlu;F;14.05.1980;US/US;43;01.01.2023;
Masteast Sheila E of McKittycreek;F;19.09.1989;US/US;33;01.01.2023;
McInkats Jennifer B of Redwood;F;14.10.1988;US/-;34;01.01.2023;
Meant-To-Be Miranda B. of Tayaway;F;04.03.1994;US/US;29;01.01.2023;
Mel B. Child of Maine;F;17.05.1998;NL/-;25;01.01.2023;
Midnight R'Vieni e Baciami;F;04.04.2020;FR/FR;3;01.01.2023;
Miss D. vom Weidebusch;F;21.05.2001;DE/DE;22;01.01.2023;
Miss Laura d. of Cattitudes;F;;NL/NL;123;01.01.2023;
Miss Minette of Bobby Jack's B&B;F;;NL/-;123;01.01.2023;
Molly B. of Chamberlain;F;02.11.2007;DE/DE;15;01.01.2023;
Mystic Woods Kat Von D;F;13.06.2011;NO/NO;12;01.01.2023;
Napa Valley Molly B of Britches;F;;US/US;123;01.01.2023;
Nevada B&C of Fridericks House;F;31.08.2013;RU/RU;9;01.01.2023;
NomenEst U Must B Crazy;F;27.09.2010;FI/FI;12;01.01.2023;
P'Afina G'D&D of Fridericks House;F;26.10.2014;RU/RU;8;01.01.2023;
Peatfire B-Honey;F;;DE/DE;123;01.01.2023;
Perfect Cat R-N-B;F;21.04.2011;UA/RU;12;01.01.2023;
Pirateslair Sailors B Warned of McKimmey;F;26.03.2002;US/US;21;01.01.2023;
Poisson D Avril du Domaine de la Bouriane;F;01.04.2019;FR/FR;4;01.01.2023;
PreciousBlue's Zitti E Buoni;F;08.01.2022;SE/SE;1;01.01.2023;
Primeacat Honey B. of Coon-Fetti;F;23.04.1992;CA/US;31;01.01.2023;
Prince of Maine Mel B;F;04.12.2006;IT/IT;16;01.01.2023;
Pussytoes Susan B. Anthony Jones;F;;US/US;123;01.01.2023;
Queen B d'Epicoeur;F;25.05.2019;FR/-;4;01.01.2023;
Queen B USA Quinn of Wiseguy;F;14.04.2023;US/US;0;01.01.2023;
Rascal Panda B;F;;AU/AU;123;01.01.2023;
Rhea d' Hano?;F;26.05.2020;FR/-;3;01.01.2023;
Rokote Alpha B. Capricious;F;07.04.1979;US/-;44;01.01.2023;
Romy d' Hano?;F;26.05.2020;FR/-;3;01.01.2023;
Rosecitycoon First Choice Maroussha of Bende van B;F;12.08.2003;NL/NL;19;01.01.2023;
Roxolana B&BN of Fridericks House;F;27.10.2013;RU/RU;9;01.01.2023;
Royal Raccoon's Queen B;F;08.07.2016;NO/NO;6;01.01.2023;
SaintClouds Molly B of Seascape;F;27.02.1992;US/US;31;01.01.2023;
Sandari Fifth Fine E*Sherry;F;31.05.2015;UA/UA;8;01.01.2023;
SaraJen Moxie R B;F;07.03.2008;US/US;15;01.01.2023;
Serenata Diurna de Baracoa-E;F;21.04.2019;ES/US;4;01.01.2023;
Shana l'?toile d 'Aslan;F;28.07.2021;FR/FR;1;01.01.2023;
Sheercats Alice-D;F;24.04.2012;NL/FI;11;01.01.2023;
ShenCat D-Holly;F;;RU/RU;123;01.01.2023;
Shubhada Guelle D Amor;F;15.10.2011;FR/FR;11;01.01.2023;
Skysupernova E la Luna Busso;F;28.05.2019;IT/NL;4;01.01.2023;
Sonata Primavera de Baracoa-E;F;21.04.2019;ES/US;4;01.01.2023;
Squabby Xenia B. Panter;F;09.08.1996;IT/-;26;01.01.2023;
ST*Olympus Pride D*Kitana;F;02.06.2022;UA/PL;1;01.01.2023;
StarArk E-Kaira;F;26.11.2015;RU/-;7;01.01.2023;
Stone Town D Mona Lisa;F;15.05.2008;FR/-;15;01.01.2023;
StoneOcean E-Fania;F;22.11.2006;DE/DE;16;01.01.2023;
Suncoon Raven D of X-Maine;F;28.06.2016;US/US;7;01.01.2023;
Syracoon Taffy B Girl of Classycoon;F;18.10.1990;US/US;32;01.01.2023;
Tabbyshack Miss Molly B;F;;-/-;123;01.01.2023;
Tabbyshack Princess D;F;22.05.1996;US/US;27;01.01.2023;
Taraknoll Charlotte E. B. White;F;31.03.1991;-/-;32;01.01.2023;
Taraknoll Charlotte E. B. White;F;31.03.1991;-/-;32;01.01.2023;
Tartaruga's Lucy B;F;18.02.2021;SE/-;2;01.01.2023;
Tenfold Sheila E.;F;22.09.2006;NL/NL;16;01.01.2023;
Terrificats Cin-D of Idlemaine;F;15.05.1992;US/-;31;01.01.2023;
Terrificats Johna B Good of Mainere;F;20.12.1990;US/US;32;01.01.2023;
Texas Belle E Button of Coondavi;F;;US/-;123;01.01.2023;
The Cat Spa Aurora B. of Luvdalot;F;09.08.1999;-/-;23;01.01.2023;
The Haecoon 2nd B & J's Double Trouble;F;08.11.2016;NL/NL;6;01.01.2023;
The Sympathycats Suzannah-B;F;17.11.1993;NL/-;29;01.01.2023;
Tigracoon E*Germiona;F;08.11.2020;-/-;2;01.01.2023;
Tippy Wanna B Brumilla;F;16.04.2020;DK/SE;3;01.01.2023;
Tippy Wanna B Gosiga Greta;F;04.08.2020;DK/SE;2;01.01.2023;
Tippy Wanna B Poker Face;F;29.11.2020;DK/SE;2;01.01.2023;
Topa Reveille of Company B;F;07.05.1985;US/-;38;01.01.2023;
Tri-D Afina;F;21.12.2017;RU/RU;5;01.01.2023;
Tri-D Agata;F;12.12.2018;RU/FR;4;01.01.2023;
Tri-D Alexa;F;21.12.2017;RU/UA;5;01.01.2023;
Tri-D Amanda;F;02.04.2021;RU/-;2;01.01.2023;
Tri-D Amazonka;F;04.08.2019;RU/-;3;01.01.2023;
Tri-D Barsa;F;08.02.2017;RU/-;6;01.01.2023;
Tri-D Bohemia;F;21.12.2018;RU/RU;4;01.01.2023;
Tri-D Carmen;F;09.05.2015;RU/RU;8;01.01.2023;
Tri-D Carmen;F;15.10.2019;RU/RU;3;01.01.2023;
Tri-D Celeste;F;09.01.2018;RU/US;5;01.01.2023;
Tri-D Chloe;F;11.02.2017;RU/RU;6;01.01.2023;
Tri-D Cuba Libre;F;09.01.2018;RU/NL;5;01.01.2023;
Tri-D Elfa;F;05.11.2019;RU/-;3;01.01.2023;
Tri-D Elise;F;05.11.2019;RU/-;3;01.01.2023;
Tri-D Emilia;F;28.02.2017;RU/RU;6;01.01.2023;
Tri-D Enigma;F;10.06.2015;RU/RU;8;01.01.2023;
Tri-D Faya;F;09.11.2019;RU/CH;3;01.01.2023;
Tri-D Fiji;F;09.11.2019;RU/-;3;01.01.2023;
Tri-D Fishka;F;09.11.2019;RU/-;3;01.01.2023;
Tri-D Flower;F;09.11.2019;RU/FR;3;01.01.2023;
Tri-D Francesca;F;27.01.2018;RU/RU;5;01.01.2023;
Tri-D Gaia;F;25.01.2018;RU/-;5;01.01.2023;
Tri-D Galaxy;F;03.07.2015;RU/FR;8;01.01.2023;
Tri-D Galaxy;F;25.01.2018;RU/US;5;01.01.2023;
Tri-D Graffiti;F;28.02.2017;RU/BE;6;01.01.2023;
Tri-D Greta;F;12.11.2019;RU/FR;3;01.01.2023;
Tri-D Happiness;F;14.02.2014;RU/RU;9;01.01.2023;
Tri-D Happy Star;F;28.01.2018;RU/RU;5;01.01.2023;
Tri-D Harizma;F;28.03.2017;RU/CN;6;01.01.2023;
Tri-D Harmony;F;19.11.2019;RU/RU;3;01.01.2023;
Tri-D Helen;F;19.11.2019;RU/-;3;01.01.2023;
Tri-D Holly;F;;RU/DE;123;01.01.2023;
Tri-D Ibiza;F;04.04.2017;RU/RU;6;01.01.2023;
Tri-D Ilona;F;22.11.2019;RU/US;3;01.01.2023;
Tri-D Imperium;F;16.11.2015;RU/-;7;01.01.2023;
Tri-D Impression;F;03.10.2020;RU/FR;2;01.01.2023;
Tri-D Iren;F;28.02.2019;RU/DE;4;01.01.2023;
Tri-D Isabel;F;22.11.2019;RU/-;3;01.01.2023;
Tri-D Izabella;F;04.04.2017;RU/RU;6;01.01.2023;
Tri-D Jack Pot;F;20.03.2014;RU/RU;9;01.01.2023;
Tri-D Janet;F;18.12.2015;RU/RU;7;01.01.2023;
Tri-D Jessi;F;27.11.2019;RU/RU;3;01.01.2023;
Tri-D Jessica;F;28.02.2019;RU/RU;4;01.01.2023;
Tri-D Jessy White Star;F;20.03.2014;RU/RU;9;01.01.2023;
Tri-D Jolie;F;09.10.2020;RU/CZ;2;01.01.2023;
Tri-D Judy;F;28.02.2019;RU/RU;4;01.01.2023;
Tri-D Juliet;F;09.10.2020;RU/DE;2;01.01.2023;
Tri-D Kamila;F;01.12.2019;RU/RU;3;01.01.2023;
Tri-D Kiana;F;07.03.2019;RU/-;4;01.01.2023;
Tri-D Kika;F;07.03.2019;RU/FR;4;01.01.2023;
Tri-D Kiwi;F;01.12.2019;RU/RU;3;01.01.2023;
Tri-D Kristen;F;01.12.2019;RU/FR;3;01.01.2023;
Tri-D Ksenya;F;01.12.2019;RU/US;3;01.01.2023;
Tri-D Lady Bagira;F;12.12.2012;RU/RU;10;01.01.2023;
Tri-D Lana;F;17.04.2018;RU/RU;5;01.01.2023;
Tri-D Laura;F;12.05.2014;RU/RU;9;01.01.2023;
Tri-D Lavanda;F;07.12.2019;RU/RU;3;01.01.2023;
Tri-D Lesya;F;11.07.2017;RU/-;5;01.01.2023;
Tri-D Lexy;F;21.02.2016;RU/RU;7;01.01.2023;
Tri-D Lika;F;21.03.2019;RU/-;4;01.01.2023;
Tri-D Lucia;F;17.04.2018;RU/RU;5;01.01.2023;
Tri-D Luiza;F;12.12.2012;RU/RU;10;01.01.2023;
Tri-D Luiziana;F;12.12.2012;RU/RU;10;01.01.2023;
Tri-D Madeleine;F;24.04.2018;RU/RU;5;01.01.2023;
Tri-D Madonna;F;24.04.2018;RU/RU;5;01.01.2023;
Tri-D Malika of Caesarheadcoon;F;16.06.2014;RU/US;9;01.01.2023;
Tri-D Margo;F;16.06.2014;RU/RU;9;01.01.2023;
Tri-D Mersedes;F;16.06.2014;RU/CH;9;01.01.2023;
Tri-D Michelle;F;17.07.2017;RU/RU;5;01.01.2023;
Tri-D Mirabelle;F;02.02.2020;RU/RU;3;01.01.2023;
Tri-D Naomi;F;25.02.2020;RU/RU;3;01.01.2023;
Tri-D Naomi Cempbella;F;06.07.2014;RU/RU;8;01.01.2023;
Tri-D Nicole;F;18.03.2016;RU/RU;7;01.01.2023;
Tri-D Nina Ricci;F;06.07.2014;RU/RU;8;01.01.2023;
Tri-D Olivia;F;25.08.2014;RU/BE;8;01.01.2023;
Tri-D Omega;F;20.03.2016;RU/RU;7;01.01.2023;
Tri-D Ora;F;19.05.2018;RU/-;5;01.01.2023;
Tri-D Persia;F;26.03.2019;RU/-;4;01.01.2023;
Tri-D Prada;F;14.09.2014;RU/RU;8;01.01.2023;
Tri-D Princess;F;20.12.2020;RU/FR;2;01.01.2023;
Tri-D Rachelle;F;22.07.2016;RU/-;6;01.01.2023;
Tri-D Roxy;F;22.07.2016;RU/RU;6;01.01.2023;
Tri-D Rumba;F;19.09.2014;RU/RU;8;01.01.2023;
Tri-D Sangria;F;05.04.2020;RU/-;3;01.01.2023;
Tri-D Sharline;F;23.10.2017;RU/-;5;01.01.2023;
Tri-D Simona;F;05.04.2020;RU/US;3;01.01.2023;
Tri-D Squirrel;F;05.04.2020;RU/-;3;01.01.2023;
Tri-D Tais Afinskaya;F;27.11.2014;RU/RU;8;01.01.2023;
Tri-D Tequila Sunrise PP;F;11.09.2016;RU/RU;6;01.01.2023;
Tri-D Tiger Touch;F;07.07.2018;RU/DE;4;01.01.2023;
Tri-D Tigra;F;04.06.2013;RU/RU;10;01.01.2023;
Tri-D Tina;F;26.12.2020;RU/PL;2;01.01.2023;
Tri-D Tiramisu;F;11.08.2016;RU/ES;6;01.01.2023;
Tri-D Uma;F;09.09.2016;RU/RU;6;01.01.2023;
Tri-D Uma;F;28.12.2014;RU/RU;8;01.01.2023;
Tri-D Undina;F;09.09.2016;RU/-;6;01.01.2023;
Tri-D Unica;F;09.01.2021;RU/RU;2;01.01.2023;
Tri-D Vanilla;F;16.09.2016;RU/RU;6;01.01.2023;
Tri-D Vasilisa;F;01.07.2020;RU/RU;3;01.01.2023;
Tri-D Vera;F;17.01.2021;RU/CZ;2;01.01.2023;
Tri-D Vivien;F;;RU/PL;123;01.01.2023;
Tri-D Wee-Wee;F;12.02.2021;RU/CH;2;01.01.2023;
Tri-D Whisky;F;27.09.2016;RU/RU;6;01.01.2023;
Tri-D Whitney;F;27.09.2016;RU/IT;6;01.01.2023;
Tri-D Wicca;F;21.07.2019;RU/HU;3;01.01.2023;
Tri-D Xana;F;16.10.2016;RU/RU;6;01.01.2023;
Tri-D Xsy-Xsy;F;01.12.2017;RU/RU;5;01.01.2023;
Tri-D Yamaha;F;04.11.2018;RU/-;4;01.01.2023;
Tri-D Yovela;F;20.03.2021;RU/RU;2;01.01.2023;
Tri-D Zima;F;04.08.2019;RU/-;3;01.01.2023;
Tri-D Zimba;F;11.12.2017;RU/-;5;01.01.2023;
Tri-D Zlata;F;;RU/RU;123;01.01.2023;
Tri-D Znata;F;04.11.2018;RU/RU;4;01.01.2023;
Tri-D Zula;F;11.12.2017;RU/FR;5;01.01.2023;
Triunfo Kat Von D;F;29.01.2018;BR/BR;5;01.01.2023;
Ukiyo E de Gryffondor;F;18.06.2003;FR/-;20;01.01.2023;
Vanille d Esteban;F;23.11.2004;FR/-;18;01.01.2023;
Veni d Esteban;F;23.11.2004;FR/-;18;01.01.2023;
Vetchanenka Narya of Mary B;F;02.07.1978;US/US;45;01.01.2023;
Vicky d Esteban;F;23.11.2004;FR/FR;18;01.01.2023;
Wackymoon D. Va PP;F;;DK/DK;123;01.01.2023;
Wall E vom Steinfeld;F;13.04.2009;DE/DE;14;01.01.2023;
Watch Out B-Main Zo?;F;28.06.1997;-/-;26;01.01.2023;
Watch Out B-Maine Tueschi;F;28.06.1997;-/-;26;01.01.2023;
Whales Back Lizzie B of Mill Creeks;F;12.04.1990;US/US;33;01.01.2023;
Whittemore Mandy of Mary B;F;;US/-;123;01.01.2023;
Wild Harmony Marlene D;F;;DE/DE;123;01.01.2023;
Willowplace Katsuko of Company B;F;23.09.1986;US/US;36;01.01.2023;
Y1Kat Y Don't U B True;F;26.10.2004;US/-;18;01.01.2023;
5800 Dreams Sealed With A Kiss;M;11.10.1994;US/-;28;01.01.2023;
A Baltazar Domaine de la Bouriane;M;07.02.2005;FR/-;18;01.01.2023;
A bigger Splash the Purrfect Coon;M;28.11.2012;AT/NO;10;01.01.2023;
A Bold Approach Gyldenl?ve;M;17.10.2007;DK/DK;15;01.01.2023;
A Capella von der Elfenbr?cke;M;27.06.2009;DE/DE;14;01.01.2023;
A Cat's Delight of Bedford Falls;M;30.08.1998;DE/-;24;01.01.2023;
A Chamane du Matou Doux;M;20.10.2005;FR/FR;17;01.01.2023;
A Chester of Daabeckcoon;M;30.06.2022;DK/DK;1;01.01.2023;
A Cunning Plan Gyldenl?ve;M;17.10.2007;DK/DK;15;01.01.2023;
A Dark Night of Merlins Cave;M;21.04.2008;AT/AT;15;01.01.2023;
A Davina El Nino;M;05.05.2009;AT/AT;14;01.01.2023;
A de Petite L?opoldine;M;18.06.2005;FR/FR;18;01.01.2023;
A Eli Barnabas;M;29.02.1996;AT/AT;27;01.01.2023;
A Famous Alexander Nevermind;M;;-/-;123;01.01.2023;
A Famous Cutty Shark;M;;-/-;123;01.01.2023;
A Famous Lucky Strike;M;;-/-;123;01.01.2023;
A Favorite Cat Calafati;M;;AT/AT;123;01.01.2023;
A Favorite Cat Hemingway;M;22.01.1998;-/AT;25;01.01.2023;
A Highlander Coon Herakles;M;04.07.2009;AT/-;14;01.01.2023;
A Little Chip of Highland;M;13.12.1998;-/-;24;01.01.2023;
A Mac Omelly Sir-Archibald;M;;-/-;123;01.01.2023;
A Malfi von der Elfenbr?cke;M;27.06.2009;DE/DE;14;01.01.2023;
A Modo Mio Fidelity Feline;M;15.06.2013;CZ/DE;10;01.01.2023;
A Nice Moon Aldebaran;M;16.06.2006;NL/NL;17;01.01.2023;
A Nice Moon Bleu Moon;M;31.08.2004;NL/NL;18;01.01.2023;
A Nice Moon Dabih;M;17.12.2009;NL/NL;13;01.01.2023;
A Nice Moon Dubhe;M;25.03.2005;NL/NL;18;01.01.2023;
A Nice Moon Eldsich;M;31.08.2004;NL/NL;18;01.01.2023;
A Nice Moon Enif;M;11.02.2007;NL/NL;16;01.01.2023;
A Nice Moon Furud;M;17.12.2009;NL/NL;13;01.01.2023;
A Nice Moon Hamal;M;25.03.2005;NL/NL;18;01.01.2023;
A Nice Moon Izar;M;11.02.2007;NL/NL;16;01.01.2023;
A Nice Moon Jabbah;M;11.02.2007;NL/NL;16;01.01.2023;
A Nice Moon Kuma;M;10.04.2010;NL/NL;13;01.01.2023;
A Nice Moon Marfik;M;17.12.2009;NL/NL;13;01.01.2023;
A Nice Moon Mirfak;M;17.12.2009;NL/NL;13;01.01.2023;
A Nice Moon Muphrid;M;11.02.2007;NL/NL;16;01.01.2023;
A Nice Moon Naos;M;11.02.2007;NL/NL;16;01.01.2023;
A Nice Moon Narvi;M;10.04.2010;NL/NL;13;01.01.2023;
A Nice Moon Nihal;M;17.12.2009;NL/NL;13;01.01.2023;
A Nice Moon Proteus;M;28.03.2005;NL/NL;18;01.01.2023;
A Nice Moon Quasar;M;31.08.2004;NL/FI;18;01.01.2023;
A Nice Moon Rasalas;M;05.02.2007;NL/NL;16;01.01.2023;
A Nice Moon Rastaban;M;17.12.2009;NL/NL;13;01.01.2023;
A Nice Moon Rigel;M;16.06.2006;NL/NL;17;01.01.2023;
A Nice Moon Rongo;M;13.03.2008;NL/NL;15;01.01.2023;
A Nice Moon Sham;M;16.06.2006;NL/NL;17;01.01.2023;
A Nice Moon Skat;M;17.12.2009;NL/NL;13;01.01.2023;
A Nice Moon Tariq;M;06.03.2008;NL/NL;15;01.01.2023;
A Nice Moon Tawera;M;06.03.2008;NL/NL;15;01.01.2023;
A Nice Moon Thuban;M;16.06.2006;NL/NL;17;01.01.2023;
A Nice Moon Triton;M;28.03.2005;NL/NL;18;01.01.2023;
A Nice Moon Zaurak;M;11.02.2007;NL/NL;16;01.01.2023;
A Nome Di Carpe diem;M;17.10.2004;NL/NL;18;01.01.2023;
A Nome Di Jabberwock;M;19.04.2006;NL/NL;17;01.01.2023;
A Nome Di Settore;M;17.10.2004;NL/NL;18;01.01.2023;
A Nome Di Spirit of Life;M;17.10.2004;NL/NL;18;01.01.2023;
A Que Coucou de Saint Paul;M;05.04.2005;FR/-;18;01.01.2023;
A Rebel Rouser Dion The Wanderer;M;03.10.1995;-/-;27;01.01.2023;
A Red Mistery of Shaggy Coons;M;16.09.2009;LU/-;13;01.01.2023;
A Red Passion of Shaggy Coons;M;16.09.2009;LU/-;13;01.01.2023;
A Red Temptation of Shaggy Coons;M;16.09.2009;LU/CH;13;01.01.2023;
A Serious Mind Gyldenl?ve;M;17.10.2007;DK/DK;15;01.01.2023;
A Star is Born Snowcoon Smirnov;M;21.12.2007;NL/CH;15;01.01.2023;
A Telev of Asgard Koon;M;03.02.2016;US/US;7;01.01.2023;
A True Prince vom Burgzauber;M;17.05.2012;DE/DE;11;01.01.2023;
A. Fuggy of W?hat Es-Lima;M;;-/-;123;01.01.2023;
A-Adam of Tiyoweh Coons;M;14.04.2004;AT/DE;19;01.01.2023;
ABCcats Quanah Parker A Comanche;M;17.02.1990;US/US;33;01.01.2023;
Abizag B. Panda Express;M;07.03.2009;US/-;14;01.01.2023;
Abizaq B. Line of Jaspurrcats;M;12.02.2008;US/-;15;01.01.2023;
Abizaq B. Pandarama of Zikhafri;M;07.03.2009;US/MY;14;01.01.2023;
Abizaq B. Valentino of Agavecoon;M;12.02.2008;US/-;15;01.01.2023;
Abristine A Touch of Class;M;03.05.1990;US/US;33;01.01.2023;
Action Cat's A Big Boss;M;12.12.2018;AT/AT;4;01.01.2023;
Action Cat's A Big Casanova;M;12.12.2018;AT/AT;4;01.01.2023;
Action Cat's A Big Manitu;M;27.08.2010;AT/AT;12;01.01.2023;
Action Cat's A Captain Ice;M;05.03.2019;AT/AT;4;01.01.2023;
Action Cat's A Caruso;M;04.01.2011;AT/AT;12;01.01.2023;
Action Cat's A Danville;M;11.02.2011;AT/AT;12;01.01.2023;
Action Cat's A Eagle Rock;M;10.10.2004;AT/AT;18;01.01.2023;
Action Cat's A Findus;M;17.10.2019;AT/-;3;01.01.2023;
Action Cat's A Francis;M;17.10.2019;AT/AT;3;01.01.2023;
Action Cat's A Goliath;M;26.04.2005;AT/AT;18;01.01.2023;
Action Cat's A Good Loverboy;M;18.07.2011;AT/AT;11;01.01.2023;
Action Cat's A Grand Iceman;M;18.07.2011;AT/AT;11;01.01.2023;
Action Cat's A Heartbreaker;M;23.12.2011;AT/AT;11;01.01.2023;
Action Cat's A Heisenberg;M;20.04.2020;AT/AT;3;01.01.2023;
Action Cat's A His Highness Avalon;M;20.04.2020;AT/AT;3;01.01.2023;
Action Cat's A Hot Iceman;M;20.04.2020;AT/-;3;01.01.2023;
Action Cat's A Hot Silver Lion;M;20.04.2020;AT/AT;3;01.01.2023;
Action Cat's A Hugo Boss;M;23.12.2011;AT/-;11;01.01.2023;
Action Cat's A Indiana Jones;M;25.05.2012;AT/AT;11;01.01.2023;
Action Cat's A Kentucky;M;23.02.2013;AT/AT;10;01.01.2023;
Action Cat's A Mr. Coolman;M;23.11.2013;AT/AT;9;01.01.2023;
Action Cat's A Neptun;M;24.01.2007;AT/-;16;01.01.2023;
Action Cat's A Odysseus;M;26.08.2007;AT/AT;15;01.01.2023;
Action Cat's A Rasputin;M;16.09.2015;AT/AT;7;01.01.2023;
Action Cat's A Sansibar;M;22.02.2016;AT/AT;7;01.01.2023;
Action Cat's A Wolfman;M;14.06.2017;AT/AT;6;01.01.2023;
Action Cat's A Yankee-Boy;M;03.01.2010;AT/AT;13;01.01.2023;
Action Cat's A Young Picasso;M;30.12.2017;AT/AT;5;01.01.2023;
Akella Leader Quite a Hero;M;22.05.2018;RU/-;5;01.01.2023;
A-Laung-Paya Aran II;M;10.08.1997;NL/NL;25;01.01.2023;
Alberlee Prince Albert In A Coon;M;05.08.1996;US/US;26;01.01.2023;
A'LCalin de Khat A Strof;M;;FR/FR;123;01.01.2023;
Allmykittens Trevor D of Francoonia;M;06.05.1991;US/US;32;01.01.2023;
Alsciaukat D Zephyr;M;;FR/FR;123;01.01.2023;
Amerrykoon Raymond A Silver;M;;US/US;123;01.01.2023;
Angel Spirit Hard as A Rock;M;02.05.2010;SE/SE;13;01.01.2023;
AngelCoon Harley D;M;;US/US;123;01.01.2023;
Angelsongz You Might Be A Redneck;M;20.04.1996;-/-;27;01.01.2023;
Arakun I-Am-A-DJ;M;;-/-;123;01.01.2023;
Arctic A-Lucky Luke;M;02.05.1999;NO/NO;24;01.01.2023;
Arkatz Ted E. Katt of Almajoy;M;02.09.1993;US/US;29;01.01.2023;
Arkatz Tom E Katt;M;02.09.1993;-/-;29;01.01.2023;
Atlascat J&B;M;;CH/CH;123;01.01.2023;
Atos Smallynx a Fairy Tale;M;;UA/UA;123;01.01.2023;
Attree Manor Just A Fox;M;06.12.2006;DE/DE;16;01.01.2023;
Baccheoni's Hard as a Rock;M;;SE/-;123;01.01.2023;
Bambi Lion Gabzi a Vinet;M;22.06.2017;CZ/CZ;6;01.01.2023;
Bandit A Gentle Breeze;M;10.02.2007;DE/DE;16;01.01.2023;
Bang a Boomerang the Purrfect Coon;M;11.02.2013;AT/DE;10;01.01.2023;
Bearcloud Take A Bow;M;06.03.2010;DK/DK;13;01.01.2023;
Beau You May Be A Redneck;M;28.08.1995;US/-;27;01.01.2023;
Beautiful Prince A Friend of Maine;M;06.12.2003;AT/AT;19;01.01.2023;
Beiryhil B J Hunicutt;M;13.09.1993;-/-;29;01.01.2023;
Belmainshacoon Bubba B;M;09.10.1994;-/-;28;01.01.2023;
Belmainshacoon Harry B;M;09.10.1994;-/-;28;01.01.2023;
Belushies D Crockett of Amerrykoon;M;11.09.1998;DE/US;24;01.01.2023;
Benny Bacardi A Lynx Star;M;07.10.2010;CZ/DE;12;01.01.2023;
BigSensation A Perfect Gentleman;M;28.05.2018;DE/DE;5;01.01.2023;
Biraj's E-Type;M;24.12.2007;SE/SE;15;01.01.2023;
Bj?rkmoen Hard as a Rock;M;17.11.2010;NO/NO;12;01.01.2023;
Bluesrags Big Eli B;M;13.12.2015;SE/SE;7;01.01.2023;
Bobby Junior of Bobby Jack's B&B;M;29.07.2010;NL/NL;12;01.01.2023;
Bogy Cat's Shine A Light PP;M;22.11.2010;DE/DE;12;01.01.2023;
Bonfirecats A Maverick;M;19.07.2005;US/-;17;01.01.2023;
Bonfires B B King;M;14.11.2003;DE/IT;19;01.01.2023;
Brat E Katz Billbobcat of Katmaindu;M;20.08.1994;US/US;28;01.01.2023;
Break a Legg Aladin;M;18.11.2005;NL/DE;17;01.01.2023;
Break a Legg Recati;M;07.11.2007;NL/NL;15;01.01.2023;
Bright Star's A Piece of Luck;M;16.06.1995;DE/DE;28;01.01.2023;
Brinzei A Ramszesz;M;23.06.2001;HU/-;22;01.01.2023;
B-Silver von der Aggerburg;M;03.04.2005;DE/DE;18;01.01.2023;
Buctales Life's A Dance;M;31.10.1998;US/-;24;01.01.2023;
Bunacoon Kickin Up A Storm;M;30.12.2008;-/-;14;01.01.2023;
Burmaines Timex Takes A Licken;M;06.09.1996;-/-;26;01.01.2023;
B-Yuma de la Croix Lorraine;M;30.09.2006;FR/-;16;01.01.2023;
Cabincoon Jon E Cash of Meanu;M;16.03.2010;US/US;13;01.01.2023;
Cadia Park Chimenticook A;M;;-/-;123;01.01.2023;
Carlacats Tim E. Cat;M;08.11.1994;US/-;28;01.01.2023;
Cartoonland's B Cheyenne;M;24.06.2006;FR/-;17;01.01.2023;
Cartoonland's D Ricard;M;09.04.2008;FR/-;15;01.01.2023;
Cartoonland's D Rosso;M;04.04.2008;FR/-;15;01.01.2023;
Catcity E. Thompson Scott;M;16.09.1984;-/-;38;01.01.2023;
Cavasos Dragonfly of Big D;M;03.03.1982;US/-;41;01.01.2023;
Cellokattens D-Dark;M;19.08.2011;SE/SE;11;01.01.2023;
Chamanieac Eac Bones Got Mik E Way;M;;-/-;123;01.01.2023;
Chamberlain High E-Motion;M;06.03.1999;FI/-;24;01.01.2023;
Champagnes Sindbad d. II;M;16.07.2000;DK/DK;22;01.01.2023;
Chang D Pre Galant;M;;-/-;123;01.01.2023;
Charmalot The One and Only James B.;M;28.06.1994;US/-;29;01.01.2023;
Charme d Orient de la Vallee Magique ;M;15.04.2007;FR/FR;16;01.01.2023;
Chaudvent P B Floyd;M;17.11.1993;US/US;29;01.01.2023;
Chinchosa Admiral Ashford E;M;;DE/DE;123;01.01.2023;
Clabacoon's Einstein E=MC2;M;01.04.2019;IT/MX;4;01.01.2023;
Clabacoon's Rugantino Bello e Bullo;M;07.08.2010;IT/IT;12;01.01.2023;
Coberman Chub E Garcia;M;;US/-;123;01.01.2023;
Cognac of Bobby Jack's B&B;M;;NL/-;123;01.01.2023;
Coldstreamlk R. Asher B. Buckels;M;06.08.2017;US/US;5;01.01.2023;
Company B Take It To The Max;M;;-/-;123;01.01.2023;
Cookie Crocs d' Ange du Cap Coon;M;24.03.2007;FR/FR;16;01.01.2023;
Coon Casa E-Mail Junkie;M;12.04.2007;NL/NL;16;01.01.2023;
Cooncreole Djazzy D. Brown;M;02.10.1992;US/NL;30;01.01.2023;
Coonhusker Coconut of Brat E Katz;M;08.02.1993;US/-;30;01.01.2023;
Coonhusker Not A B Name;M;20.02.1993;US/-;30;01.01.2023;
Coonshine Hasta B. Shasta of Napa Valley;M;14.04.1984;US/US;39;01.01.2023;
Coontara I B Blazin of Pirates Lair;M;15.01.2002;-/-;21;01.01.2023;
Coontastic B Cubbins of mainetales;M;06.04.2002;US/US;21;01.01.2023;
Cottercoons Mr Ted E Bear;M;23.10.1995;US/-;27;01.01.2023;
Cs?k's Coon E Goran;M;29.10.2003;HU/PL;19;01.01.2023;
Cynran Blu Can B Beautiful Too;M;23.11.1992;US/US;30;01.01.2023;
D Armanie du Domaine de la Bouriane;M;17.10.2008;FR/-;14;01.01.2023;
D Azzaro du Domaine de la Bouriane;M;25.10.2008;FR/-;14;01.01.2023;
D Boaz Canary Hunter;M;27.05.2010;DE/-;13;01.01.2023;
D Day de Morelia;M;26.07.2008;FR/FR;14;01.01.2023;
D Giorgio of Daabeckcoon;M;11.01.2023;DK/DK;0;01.01.2023;
D Jedi Ar Gwenn Ha Du;M;;FR/FR;123;01.01.2023;
D Lacoste du Domaine de la Bouriane;M;25.10.2008;FR/-;14;01.01.2023;
D' Manhatten-Boy vom Magletsch;M;;CH/DE;123;01.01.2023;
D Zingaro des Shags of Saskatoon;M;18.05.2008;FR/-;15;01.01.2023;
D&Co Ice;M;17.11.2022;NL/-;0;01.01.2023;
D&Co Romeo;M;25.05.2023;NL/NL;0;01.01.2023;
D&E MC's Monster;M;08.04.2021;-/US;2;01.01.2023;
D&E MC's Monster;M;08.04.2021;-/US;2;01.01.2023;
D&P-Coons Dudley;M;;NL/NL;123;01.01.2023;
D. Jay of Rainbow Valley;M;06.08.2006;CZ/PL;16;01.01.2023;
D-Day de la Passion en Live;M;27.02.2008;FR/-;15;01.01.2023;
Dewisplear D. Talbot;M;28.10.2004;US/US;18;01.01.2023;
D-Gismo of Crumbling Mountain;M;27.07.2007;-/-;15;01.01.2023;
D-Magic Maine Aladdin;M;14.06.1993;DE/-;30;01.01.2023;
Dragonmaine Red E Ornot Here I Come;M;02.02.2000;US/US;23;01.01.2023;
E Glow des Filou Bleu;M;;FR/FR;123;01.01.2023;
E Kendo du Doux Chant F?lin;M;27.05.2009;FR/-;14;01.01.2023;
E Mail Hammamet Yasmine;M;05.03.2022;SK/SK;1;01.01.2023;
E Mao de la Croix de Lorraine;M;04.03.2009;FR/-;14;01.01.2023;
E Salem de la Croix Lorraine;M;19.02.2009;FR/-;14;01.01.2023;
E Sammy de la Croix Lorraine;M;11.02.2009;FR/-;14;01.01.2023;
E*Easter Bunny of Kotyara;M;;RU/RU;123;01.01.2023;
E*Minionn Palmiracoon;M;02.06.2015;UA/-;8;01.01.2023;
E-Ben de Blanche Rose;M;01.01.2009;FR/FR;14;01.01.2023;
E-By Gum;M;08.06.1993;GB/GB;30;01.01.2023;
E-Dandy Wildtenderness;M;14.02.2019;BY/RU;4;01.01.2023;
Edward d. 6 Gyldenl?ve;M;15.05.2010;DK/-;13;01.01.2023;
Enaira D. J. of Sword Flame;M;03.12.2001;-/DE;21;01.01.2023;
Erekcoon-E Black Star;M;;-/-;123;01.01.2023;
Especially Yankee D. Dandy;M;19.06.2003;DE/-;20;01.01.2023;
Eva-Markiza D-Justin;M;;RU/RU;123;01.01.2023;
Eyto du Monde d' Ares;M;15.08.2009;-/-;13;01.01.2023;
F'Ermak F&B of Fridericks House;M;19.05.2015;RU/RU;8;01.01.2023;
Firedevils Wall-E La Lau;M;01.09.2013;DE/NL;9;01.01.2023;
Fresh Air Allonzo B.;M;10.06.2010;NL/NL;13;01.01.2023;
Frisson d Automne de la Croix Lorraine;M;24.04.2010;FR/FR;13;01.01.2023;
Frolicoon Harly D of Casa de Shea;M;01.05.1991;US/-;32;01.01.2023;
Fullmoon Johnny B Goode;M;29.09.2015;FI/FI;7;01.01.2023;
Furkats M B Tucker;M;02.06.1994;US/US;29;01.01.2023;
Fuzzyland Ted E. Bear;M;10.04.1992;-/-;31;01.01.2023;
Fuzzyland Wiley E Coyote;M;10.01.1995;-/-;28;01.01.2023;
Galions Cats ? e tr?nder ?;M;13.08.2021;NO/NO;1;01.01.2023;
Grand E Pelosa Strella Adonis;M;20.06.2016;-/US;7;01.01.2023;
Grandmanner D Artagnan of Gascony;M;28.03.2001;NZ/-;22;01.01.2023;
Gravelpondcoons B-Black Jack;M;28.02.2012;DE/DE;11;01.01.2023;
Hanmore Calvin C of Lyb-E;M;29.03.1979;-/-;44;01.01.2023;
Hapiour E. Fittipawldi of Catklos;M;13.06.1989;US/US;34;01.01.2023;
Harley D. Blue of Pocosincoons;M;03.06.1996;-/-;27;01.01.2023;
Heartland E. Pluribus Coonum;M;06.09.1988;US/US;34;01.01.2023;
Hic Sunt Leones Wall-E;M;12.01.2014;IT/IT;9;01.01.2023;
HiddenSpring Ted-E-Bear;M;04.06.2004;-/-;19;01.01.2023;
Hilltop Park Yogi B. of Mayntree;M;29.01.1996;US/-;27;01.01.2023;
Hispanocoons E No?;M;;ES/CZ;123;01.01.2023;
Igor e la Nuit Tomb?e;M;01.05.2013;FR/FR;10;01.01.2023;
Ilton M. D. Fantuzzi;M;04.08.2013;FR/-;9;01.01.2023;
IsaRos Lynx E-type;M;30.01.2019;SE/SE;4;01.01.2023;
Ishcus Franklin D;M;02.05.2017;IE/IE;6;01.01.2023;
Jacqutho's Wall-E;M;24.12.2014;AT/AT;8;01.01.2023;
James D. of the Big Redbeech;M;08.08.1997;DE/-;25;01.01.2023;
Jarnac B' Mangree;M;14.08.2006;FR/-;16;01.01.2023;
J-Nine Johnny B Goode;M;23.03.2002;US/US;21;01.01.2023;
Justcoons Ma E Stoso;M;01.03.2014;DE/DK;9;01.01.2023;
Kavekats Pink E;M;;-/-;123;01.01.2023;
Kavekats Wil-E-Coyote The King;M;08.04.1990;US/US;33;01.01.2023;
Kerakterkatz Ted D Bayer;M;06.07.2002;CA/CA;21;01.01.2023;
Kilmaine Bertie B;M;04.08.1990;GB/-;32;01.01.2023;
King of Lion's B-Akinorr;M;08.11.1999;DE/DE;23;01.01.2023;
King of Lion's B-Cloony;M;;DE/DE;123;01.01.2023;
King of Lion's D-Dark;M;;DE/DE;123;01.01.2023;
King of Lion's D-Goliath;M;31.03.2003;DE/DE;20;01.01.2023;
King of Lion's D-Kamaikel of Silvrettacoons;M;26.04.2001;DE/DE;22;01.01.2023;
King of Lion's D-Kismet;M;17.09.2002;DE/DE;20;01.01.2023;
King of Lion's D-Komet;M;;DE/DE;123;01.01.2023;
King of Lion's D-Manhattan of Shaggy Bandits;M;27.09.2003;DE/DE;19;01.01.2023;
King of Lion's D-Mark;M;;DE/-;123;01.01.2023;
King of Lion's D-Merlin;M;;DE/-;123;01.01.2023;
King of Lion's E-Cherokee;M;23.04.2003;DE/CH;20;01.01.2023;
Kiyaras U R 2 good 2 B 4got10;M;01.06.2013;DE/CZ;10;01.01.2023;
Klipperkats Clydster B Hier;M;24.07.1990;US/US;32;01.01.2023;
Lachtetals D-Joe;M;11.06.2005;DE/DE;18;01.01.2023;
Lagunacoon Sloop John B;M;23.03.1989;US/-;34;01.01.2023;
Langstteich's D-Kameko;M;18.11.1996;DE/-;26;01.01.2023;
Lasko des Coon's d' Hazur;M;24.11.2015;FR/FR;7;01.01.2023;
Lawmaine Brown Bomber of Company B;M;16.02.1988;US/US;35;01.01.2023;
Leaena Wall-E;M;16.05.2014;IT/GB;9;01.01.2023;
Little funny Tiger Ted E. Bear;M;14.08.2012;DE/DE;10;01.01.2023;
Livonia E-Male;M;;-/-;123;01.01.2023;
L?ve Hulen's Johnny B Good;M;18.07.2013;DK/DK;9;01.01.2023;
Lyb-E Christa's Kelle;M;;-/-;123;01.01.2023;
Lyb-E Custard;M;31.07.1975;-/-;47;01.01.2023;
Lyb-E Karen's Kelle;M;06.04.1972;-/-;51;01.01.2023;
Lyb-E Redi Fredi;M;23.07.1973;-/-;49;01.01.2023;
Macawi Mosi Double E. 's Rahat;M;30.05.2014;NL/NL;9;01.01.2023;
Macawi Mosi Double E. 's Raji;M;30.05.2014;NL/NL;9;01.01.2023;
Macawi Mosi Double E. 's Ratkim;M;30.05.2014;NL/NL;9;01.01.2023;
Macawi Mosi Double E. 's Rayen;M;30.05.2014;NL/NL;9;01.01.2023;
Macawi Mosi Double E. 's Rowtag;M;30.05.2014;NL/NL;9;01.01.2023;
Macawi Mosi Double E. 's Ryo;M;30.05.2014;NL/NL;9;01.01.2023;
Macawi Mosi Double E. 's Tocho;M;17.04.2015;NL/NL;8;01.01.2023;
Macro General R E Lee;M;01.08.1993;US/-;29;01.01.2023;
Magical Tails B&J Cherry Garcia;M;23.07.2020;NL/NL;2;01.01.2023;
Maindieval Ever Red E.;M;31.08.1990;US/-;32;01.01.2023;
Maine Lvrs Dare 2 B Different my AJ;M;09.12.2010;US/-;12;01.01.2023;
Maine Villa Johnny B Goode;M;;US/US;123;01.01.2023;
Mainefield's Johnny B Goode II;M;18.07.2012;AT/FR;10;01.01.2023;
Maineflashes T Bird's Harley D;M;06.10.1993;US/US;29;01.01.2023;
Mainesuspect Harley D of Mymains;M;05.09.2001;US/US;21;01.01.2023;
Mainewood E*Homebreaker;M;;RU/RU;123;01.01.2023;
Maone Bilbo Baggins of Mary B;M;30.04.1975;-/-;48;01.01.2023;
Mary B Alpine of Gesicats;M;;-/-;123;01.01.2023;
Mary B Aragorn;M;23.04.1985;US/-;38;01.01.2023;
Mary B Bofur Bifur;M;08.08.1977;-/-;45;01.01.2023;
Mary B Bombadril;M;16.02.1978;US/US;45;01.01.2023;
Mary B Brandybuck of Wiscasset;M;12.12.1979;-/-;43;01.01.2023;
Mary B Cassiyo Chauncy;M;09.11.1982;US/-;40;01.01.2023;
Mary B Chief White Cloud;M;06.01.1983;US/US;40;01.01.2023;
Mary B Daniel M'Coon of Tansai;M;12.03.1982;US/-;41;01.01.2023;
Mary B Drogo Baggins;M;01.10.1989;US/US;33;01.01.2023;
Mary B Frodo of Barbarina;M;27.09.1986;US/DE;36;01.01.2023;
Mary B Gandalf;M;31.01.1979;US/US;44;01.01.2023;
Mary B John B Sail of Tanasi;M;16.03.1982;-/-;41;01.01.2023;
Mary B Mimir;M;16.03.1982;-/-;41;01.01.2023;
Mary B Pippen;M;08.08.1977;-/-;45;01.01.2023;
Mary B Puddifoot;M;01.01.1988;US/CH;35;01.01.2023;
Mary B Reuben James of Masteast;M;02.10.1989;US/US;33;01.01.2023;
Mary B Samwise Gangee;M;14.05.1980;-/-;43;01.01.2023;
Mary B Sancho Proudfoot;M;15.04.1984;-/-;39;01.01.2023;
Mary B Silver Bee of Illya;M;17.04.1990;US/US;33;01.01.2023;
Mary B Telma Thistlewood of Talshipp;M;05.11.1979;US/US;43;01.01.2023;
Mary B Woton of Magifire;M;;US/US;123;01.01.2023;
Mary B Wysiwyg of Hillside;M;01.10.1989;-/-;33;01.01.2023;
Maximilian of Bobby Jack's B&B;M;;NL/-;123;01.01.2023;
McKittycreek Sunny D;M;28.05.1995;US/-;28;01.01.2023;
Moosecoons B B;M;16.10.2005;US/US;17;01.01.2023;
Moosecoons Shilah of D D Dreams;M;09.06.2007;US/US;16;01.01.2023;
Mor-Ace B. B. of Chinook;M;;-/-;123;01.01.2023;
MtKittery B. B. Bridger of Two Chats;M;15.03.1992;US/US;31;01.01.2023;
Nantiss Robert E. Lee of Shermaine;M;03.04.1988;-/-;35;01.01.2023;
Neami Luanne E T Bird of Kitiri;M;12.03.1989;-/-;34;01.01.2023;
Nicobellcoon E-Merlin;M;;-/-;123;01.01.2023;
Nord Polar Dante Gray Lion-E;M;;ES/-;123;01.01.2023;
N'Oskar B&C of Fridericks House;M;;RU/RU;123;01.01.2023;
Oloisi B&J Caramel Chew Chew;M;07.12.2011;NL/NL;11;01.01.2023;
Oloisi B&J Chunkey Monkey;M;07.12.2011;NL/-;11;01.01.2023;
Onix Dream D-Maximus;M;22.03.2019;GB/-;4;01.01.2023;
Orion Nebula E-Type;M;27.10.2019;RU/-;3;01.01.2023;
Oroojos L. B. Snooker;M;14.01.1987;US/-;36;01.01.2023;
Peatfire D-J;M;01.11.2010;DE/DE;12;01.01.2023;
Pinewoods Harley D.;M;15.04.2004;FI/-;19;01.01.2023;
P'Nestor G'D&D of Fridericks House;M;30.03.2016;RU/RU;7;01.01.2023;
Pupuli E Lele Kea;M;;-/-;123;01.01.2023;
Purrwoolies Dan D. Lion;M;25.09.1991;US/-;31;01.01.2023;
Radmariss E*Guch;M;;RU/-;123;01.01.2023;
Ramses d' Hano?;M;26.05.2020;FR/-;3;01.01.2023;
Ravenna D J;M;12.11.2000;NL/-;22;01.01.2023;
Rebel d' Hano?;M;26.05.2020;FR/-;3;01.01.2023;
Rebel Paws Frank E Stein;M;09.04.2016;US/US;7;01.01.2023;
Redy Sky At Morn Sailors B Warned;M;;-/-;123;01.01.2023;
Rivergang Dwight D. Elsenhower;M;12.11.2008;AT/-;14;01.01.2023;
Ruba Porker D. Marsh;M;23.04.1992;-/-;31;01.01.2023;
Ruba Teddy B Coon;M;30.08.1988;-/-;34;01.01.2023;
Ruben d' Hano?;M;26.05.2020;FR/-;3;01.01.2023;
Rufftown E-Z Win H Ticket of Regal;M;25.10.1990;-/-;32;01.01.2023;
Rumblepurr B Bumble of McKittycreek;M;14.07.1991;-/US;31;01.01.2023;
Serval Cinta Bengal-E;M;;ES/ES;123;01.01.2023;
Shaggy-Bear's Wall-E;M;02.12.2020;DE/DE;2;01.01.2023;
Shanna Saukfox O B Bommel;M;16.05.2001;NL/-;22;01.01.2023;
Shawnee Crazy John B.;M;29.10.2002;DE/-;20;01.01.2023;
Shiningwater Johnny B Goode;M;06.09.2007;NZ/-;15;01.01.2023;
Sholigress E*Ignacio;M;13.04.2023;RU/DE;0;01.01.2023;
Shubacoons Sir Shoo B. Coone;M;19.06.1997;US/-;26;01.01.2023;
Sierragato D B Kotcha;M;26.03.1992;-/-;31;01.01.2023;
Sierragato D B Kotcha;M;26.03.1992;-/-;31;01.01.2023;
Silkepoter B-Storm;M;10.01.2019;NO/NO;4;01.01.2023;
Sinatra de Baracoa-E;M;21.04.2019;ES/US;4;01.01.2023;
Soldalen Jack D.;M;20.12.2000;DK/DK;22;01.01.2023;
St. Stephen's B My King;M;23.11.2017;HU/-;5;01.01.2023;
Starbushway B-Bango;M;23.03.2010;DE/DE;13;01.01.2023;
Stolzensee's B-Sieben;M;09.11.2008;DE/DE;14;01.01.2023;
Stormaine Ted E. Bear;M;21.12.1994;DE/-;28;01.01.2023;
Suncoon Cecil B Decat;M;03.02.2018;US/US;5;01.01.2023;
Sweet E. Tommes of Tenderness;M;24.08.1988;DE/DE;34;01.01.2023;
Sweet Rialto Ollie B. Bommel;M;19.10.2007;NL/NL;15;01.01.2023;
Tanstaafl Ted E. Bear of Nantiss;M;22.01.1985;US/US;38;01.01.2023;
Taraknoll General Robert E. Lee;M;23.01.1990;US/US;33;01.01.2023;
The Dorsai Wile E. Coyote;M;23.01.2004;BE/BE;19;01.01.2023;
The Dream'coon Oskar B;M;;DE/-;123;01.01.2023;
The Haecoon 2nd B & J's Chunky Monkey;M;08.11.2016;NL/NL;6;01.01.2023;
The Haecoon 2nd B & J's Coconut Seven;M;08.11.2016;NL/NL;6;01.01.2023;
The Haecoon 2nd B & J's Full VerMonty;M;08.11.2016;NL/NL;6;01.01.2023;
The Haecoon 2nd B & J's Rockin' Road;M;08.11.2016;NL/NL;6;01.01.2023;
TIppy Wanna B Jeremy;M;26.04.2022;DK/DK;1;01.01.2023;
TIppy Wanna B ?rny;M;13.12.2020;DK/DK;2;01.01.2023;
TipTop Maine D Copy Cat;M;15.12.2014;FI/FI;8;01.01.2023;
TLC Roo D Mac Beau;M;16.11.1994;-/-;28;01.01.2023;
Tobermory Johnny B;M;04.07.2001;DE/DE;22;01.01.2023;
Tobermory Johnny B Good;M;18.06.2002;DE/DE;21;01.01.2023;
Tri-D Absolut;M;19.11.2017;RU/RU;5;01.01.2023;
Tri-D Adam;M;02.08.2020;RU/-;2;01.01.2023;
Tri-D Adamant;M;08.02.2020;RU/RU;3;01.01.2023;
Tri-D Antaries;M;02.04.2021;RU/RU;2;01.01.2023;
Tri-D Bloomberg;M;02.08.2020;-/-;2;01.01.2023;
Tri-D Bourbon PP;M;07.01.2018;RU/RU;5;01.01.2023;
Tri-D Carat;M;09.05.2015;RU/RU;8;01.01.2023;
Tri-D Cavin;M;09.11.2022;RU/IT;0;01.01.2023;
Tri-D Celentano;M;11.02.2017;RU/-;6;01.01.2023;
Tri-D Che Guevara;M;11.02.2017;RU/RU;6;01.01.2023;
Tri-D Crystal;M;09.05.2015;RU/-;8;01.01.2023;
Tri-D Dallas;M;29.09.2013;RU/RU;9;01.01.2023;
Tri-D Dante;M;14.01.2019;RU/FR;4;01.01.2023;
Tri-D Dior;M;09.05.2015;RU/FR;8;01.01.2023;
Tri-D Dodge;M;09.05.2015;RU/FR;8;01.01.2023;
Tri-D Edmond;M;19.01.2019;RU/FR;4;01.01.2023;
Tri-D Exlusive Line;M;05.11.2019;RU/RU;3;01.01.2023;
Tri-D Fire Storm;M;09.10.2019;RU/NO;3;01.01.2023;
Tri-D Flirt;M;09.11.2019;RU/AT;3;01.01.2023;
Tri-D Garfield;M;;RU/RU;123;01.01.2023;
Tri-D Gerber;M;02.02.2019;RU/-;4;01.01.2023;
Tri-D Glamur;M;27.02.2017;RU/RU;6;01.01.2023;
Tri-D Harold;M;29.09.2020;RU/AT;2;01.01.2023;
Tri-D Hermes;M;29.09.2020;RU/RU;2;01.01.2023;
Tri-D Hermes;M;06.02.2019;RU/-;4;01.01.2023;
Tri-D Hugo Boss;M;19.11.2019;RU/IS;3;01.01.2023;
Tri-D Ice Rain;M;22.11.2019;RU/DE;3;01.01.2023;
Tri-D Iceberg;M;22.11.2019;RU/KZ;3;01.01.2023;
Tri-D Image;M;04.04.2017;RU/RU;6;01.01.2023;
Tri-D Insight;M;03.10.2020;RU/RU;2;01.01.2023;
Tri-D Izyum;M;28.02.2019;RU/RO;4;01.01.2023;
Tri-D James Bond;M;27.11.2019;RU/RU;3;01.01.2023;
Tri-D Jewels;M;09.10.2020;RU/PL;2;01.01.2023;
Tri-D Jordan;M;09.10.2020;RU/FR;2;01.01.2023;
Tri-D Juan;M;24.10.2019;RU/FR;3;01.01.2023;
Tri-D Kelvin;M;16.04.2018;RU/CH;5;01.01.2023;
Tri-D Klondike;M;01.12.2019;RU/-;3;01.01.2023;
Tri-D Langston;M;27.06.2021;RU/FR;2;01.01.2023;
Tri-D Levis;M;07.12.2019;RU/CH;3;01.01.2023;
Tri-D Lider;M;06.08.2018;RU/RU;4;01.01.2023;
Tri-D Lincoln;M;21.02.2016;RU/IT;7;01.01.2023;
Tri-D Lucky Luke;M;21.02.2016;RU/FI;7;01.01.2023;
Tri-D Manners;M;07.08.2021;RU/FR;1;01.01.2023;
Tri-D Manson;M;16.03.2016;RU/-;7;01.01.2023;
Tri-D Mathys;M;29.06.2018;RU/BE;5;01.01.2023;
Tri-D Muscat;M;21.03.2019;RU/DE;4;01.01.2023;
Tri-D Neon;M;;-/-;123;01.01.2023;
Tri-D New Stage;M;12.05.2018;RU/AT;5;01.01.2023;
Tri-D Newton;M;06.07.2014;RU/BE;8;01.01.2023;
Tri-D Norman;M;25.02.2020;RU/RU;3;01.01.2023;
Tri-D Novel;M;18.12.2020;RU/RU;2;01.01.2023;
Tri-D Oliver PP;M;28.07.2017;RU/RU;5;01.01.2023;
Tri-D Oskar;M;25.08.2014;RU/RU;8;01.01.2023;
Tri-D Oxford;M;27.02.2020;RU/UA;3;01.01.2023;
Tri-D Paradise;M;11.05.2018;RU/RU;5;01.01.2023;
Tri-D Patrik;M;;RU/HR;123;01.01.2023;
Tri-D Paul;M;02.04.2016;RU/FR;7;01.01.2023;
Tri-D Perfect Boy;M;05.03.2020;RU/US;3;01.01.2023;
Tri-D Rain Silver;M;14.06.2018;RU/AT;5;01.01.2023;
Tri-D Red Bull;M;24.04.2019;RU/FR;4;01.01.2023;
Tri-D Tiger;M;27.11.2014;RU/RU;8;01.01.2023;
Tri-D Tissot;M;11.08.2016;RU/-;6;01.01.2023;
Tri-D Triumph;M;27.11.2014;RU/UA;8;01.01.2023;
Tri-D Twist;M;10.05.2020;RU/DE;3;01.01.2023;
Tri-D Tyson PP;M;21.05.2019;RU/-;4;01.01.2023;
Tri-D Ultramarin;M;09.06.2019;RU/FR;4;01.01.2023;
Tri-D United;M;09.09.2016;RU/RU;6;01.01.2023;
Tri-D Urfin;M;09.09.2016;RU/RU;6;01.01.2023;
Tri-D Urgent;M;25.11.2021;RU/RU;1;01.01.2023;
Tri-D Uriel;M;24.10.2017;RU/FR;5;01.01.2023;
Tri-D Urmas;M;09.09.2016;RU/IT;6;01.01.2023;
Tri-D Vegas;M;01.07.2020;RU/FR;3;01.01.2023;
Tri-D Vidas;M;01.07.2020;RU/FR;3;01.01.2023;
Tri-D Vlad;M;17.01.2021;RU/RU;2;01.01.2023;
Tri-D X-Max;M;01.12.2017;RU/RU;5;01.01.2023;
Tri-D Yomaris;M;28.07.2019;RU/CH;3;01.01.2023;
Tri-D Zahar;M;07.11.2018;RU/RU;4;01.01.2023;
Tri-D Zipper;M;19.01.2017;RU/BE;6;01.01.2023;
Vibkj?r's Amadeus d. I;M;26.11.1996;DK/-;26;01.01.2023;
Vincent B. Leopold of Brenda's Garden;M;25.07.2015;DE/DE;7;01.01.2023;
Vindicator B. di Gracecoon;M;;IT/IT;123;01.01.2023;
VolvingVeit B*Dotsent;M;02.01.2022;RU/SE;1;01.01.2023;
Walmet B. W. Bugleboy of Company B;M;28.07.1984;US/US;38;01.01.2023;
Whales Back B. Cosby of Heritage Coons;M;;US/US;123;01.01.2023;
Xercats General Robert E. Lee;M;26.01.1993;US/-;30;01.01.2023;
Yankee Cats Ted E Bear of Moonstones;M;12.10.2006;DE/DE;16;01.01.2023;
Yellow Ribbons Howie D;M;05.12.1997;-/-;25;01.01.2023;
A Catorama CG;;29.05.2007;US/-;16;01.01.2023;
Buleria -E Atila;;;-/-;123;01.01.2023;
Cancoon Peek-A-Boo of Superstition;;;;123;01.01.2023;
